ResID,test_output/SEC3/PDB/partial/5lg4_B.pdb,test_output/SEC3/PDB/partial/5yfp_A.pdb
0,0,0
1,0,0
2,0,0
3,0,0
4,0,0
5,0,0
6,0,0
7,0,0
8,0,0
9,0,0
10,0,0
11,0,0
12,0,0
13,0,0
14,0,0
15,0,0
16,0,0
17,0,0
18,0,0
19,0,0
20,0,0
21,0,0
22,0,0
23,0,0
24,0,0
25,0,0
26,0,0
27,0,0
28,0,0
29,0,0
30,0,0
31,0,0
32,0,0
33,0,0
34,0,0
35,0,0
36,0,0
37,0,0
38,0,0
39,0,0
40,0,0
41,0,0
42,0,0
43,0,0
44,0,0
45,0,0
46,0,0
47,0,0
48,0,0
49,0,0
50,0,0
51,0,0
52,0,0
53,0,0
54,0,0
55,0,0
56,0,0
57,0,0
58,0,0
59,0,0
60,0,0
61,0,0
62,0,0
63,0,0
64,0,0
65,0,0
66,0,0
67,0,0
68,0,0
69,0,0
70,0,0
71,0,0
72,0,0
73,0,0
74,1,0
75,1,0
76,1,0
77,1,0
78,1,0
79,1,0
80,1,0
81,1,0
82,1,0
83,1,0
84,1,0
85,1,0
86,1,0
87,1,0
88,1,0
89,1,0
90,1,0
91,1,0
92,1,0
93,1,0
94,1,0
95,1,0
96,1,0
97,1,0
98,1,0
99,1,0
100,0,0
101,0,0
102,1,0
103,1,0
104,1,0
105,1,0
106,1,0
107,1,0
108,1,0
109,1,0
110,1,0
111,1,0
112,1,0
113,1,0
114,1,0
115,1,0
116,1,0
117,1,0
118,1,0
119,1,0
120,1,0
121,1,0
122,1,0
123,1,0
124,1,0
125,1,0
126,1,0
127,1,0
128,1,0
129,1,0
130,1,0
131,1,0
132,1,0
133,1,0
134,1,0
135,1,0
136,1,0
137,1,0
138,1,0
139,1,0
140,1,0
141,1,0
142,1,0
143,1,0
144,1,0
145,1,0
146,1,0
147,1,0
148,1,0
149,1,0
150,1,0
151,1,0
152,1,0
153,1,0
154,1,0
155,1,0
156,1,0
157,1,0
158,1,0
159,1,0
160,1,0
161,1,0
162,1,0
163,1,0
164,1,0
165,1,0
166,1,0
167,1,0
168,1,0
169,1,0
170,1,0
171,1,0
172,1,0
173,1,0
174,1,0
175,1,0
176,1,0
177,1,0
178,1,0
179,1,0
180,1,0
181,1,0
182,1,0
183,1,0
184,1,0
185,1,0
186,1,0
187,1,0
188,1,0
189,1,0
190,1,0
191,1,0
192,1,0
193,1,0
194,1,0
195,1,0
196,1,0
197,1,0
198,1,0
199,1,0
200,1,0
201,1,0
202,1,0
203,1,0
204,1,0
205,1,0
206,1,0
207,1,0
208,1,0
209,1,0
210,1,0
211,1,0
212,1,0
213,1,0
214,1,0
215,1,0
216,1,0
217,1,0
218,1,0
219,1,0
220,1,0
221,1,0
222,1,0
223,1,0
224,1,0
225,1,0
226,1,0
227,1,0
228,1,0
229,1,0
230,1,0
231,1,0
232,1,0
233,1,0
234,1,0
235,1,0
236,1,0
237,1,0
238,1,0
239,1,0
240,1,0
241,1,0
242,1,0
243,1,0
244,1,0
245,1,0
246,1,0
247,1,0
248,1,0
249,1,0
250,0,0
251,0,0
252,0,0
253,0,0
254,0,0
255,0,0
256,0,0
257,0,0
258,0,0
259,0,0
260,0,0
261,0,0
262,0,0
263,0,0
264,0,0
265,0,0
266,0,0
267,0,0
268,0,0
269,0,0
270,0,0
271,0,0
272,0,0
273,0,0
274,0,0
275,0,0
276,0,0
277,0,0
278,0,0
279,0,0
280,0,0
281,0,0
282,0,0
283,0,0
284,0,0
285,0,0
286,0,0
287,0,0
288,0,0
289,0,0
290,0,0
291,0,0
292,0,0
293,0,0
294,0,0
295,0,0
296,0,0
297,0,0
298,0,0
299,0,0
300,0,0
301,0,0
302,0,0
303,0,0
304,0,0
305,0,0
306,0,0
307,0,0
308,0,0
309,0,0
310,0,0
311,0,0
312,0,0
313,0,0
314,0,0
315,0,0
316,0,0
317,0,0
318,0,0
319,0,0
320,0,0
321,0,0
322,0,0
323,0,0
324,0,0
325,0,0
326,0,0
327,0,0
328,0,0
329,0,0
330,0,0
331,0,0
332,0,0
333,0,0
334,0,0
335,0,0
336,0,0
337,0,0
338,0,0
339,0,0
340,0,0
341,0,0
342,0,0
343,0,0
344,0,0
345,0,0
346,0,0
347,0,0
348,0,0
349,0,0
350,0,0
351,0,0
352,0,0
353,0,0
354,0,0
355,0,0
356,0,0
357,0,0
358,0,0
359,0,0
360,0,0
361,0,0
362,0,0
363,0,0
364,0,0
365,0,0
366,0,0
367,0,0
368,0,0
369,0,0
370,0,0
371,0,0
372,0,0
373,0,0
374,0,0
375,0,0
376,0,0
377,0,0
378,0,0
379,0,0
380,0,0
381,0,0
382,0,0
383,0,0
384,0,0
385,0,0
386,0,0
387,0,0
388,0,0
389,0,0
390,0,0
391,0,0
392,0,0
393,0,0
394,0,0
395,0,0
396,0,0
397,0,0
398,0,0
399,0,0
400,0,0
401,0,0
402,0,0
403,0,0
404,0,0
405,0,0
406,0,0
407,0,0
408,0,0
409,0,0
410,0,0
411,0,0
412,0,0
413,0,0
414,0,0
415,0,0
416,0,0
417,0,0
418,0,0
419,0,0
420,0,0
421,0,0
422,0,0
423,0,0
424,0,0
425,0,0
426,0,0
427,0,0
428,0,0
429,0,0
430,0,0
431,0,0
432,0,0
433,0,0
434,0,0
435,0,0
436,0,0
437,0,0
438,0,0
439,0,0
440,0,0
441,0,0
442,0,0
443,0,0
444,0,0
445,0,0
446,0,0
447,0,0
448,0,0
449,0,0
450,0,0
451,0,0
452,0,0
453,0,0
454,0,0
455,0,0
456,0,0
457,0,0
458,0,0
459,0,0
460,0,0
461,0,0
462,0,0
463,0,0
464,0,0
465,0,0
466,0,0
467,0,0
468,0,0
469,0,0
470,0,0
471,0,0
472,0,0
473,0,0
474,0,0
475,0,0
476,0,0
477,0,0
478,0,0
479,0,0
480,0,0
481,0,0
482,0,0
483,0,0
484,0,0
485,0,0
486,0,0
487,0,0
488,0,0
489,0,0
490,0,0
491,0,0
492,0,0
493,0,0
494,0,0
495,0,0
496,0,0
497,0,0
498,0,0
499,0,0
500,0,0
501,0,0
502,0,0
503,0,0
504,0,0
505,0,0
506,0,0
507,0,0
508,0,0
509,0,0
510,0,0
511,0,0
512,0,0
513,0,0
514,0,0
515,0,0
516,0,0
517,0,0
518,0,0
519,0,0
520,0,0
521,0,0
522,0,0
523,0,0
524,0,0
525,0,0
526,0,0
527,0,0
528,0,0
529,0,0
530,0,0
531,0,0
532,0,0
533,0,0
534,0,0
535,0,0
536,0,0
537,0,0
538,0,0
539,0,0
540,0,0
541,0,0
542,0,0
543,0,0
544,0,0
545,0,0
546,0,0
547,0,0
548,0,0
549,0,0
550,0,0
551,0,0
552,0,0
553,0,0
554,0,0
555,0,0
556,0,0
557,0,0
558,0,0
559,0,0
560,0,0
561,0,0
562,0,0
563,0,0
564,0,0
565,0,0
566,0,0
567,0,0
568,0,0
569,0,0
570,0,0
571,0,0
572,0,0
573,0,0
574,0,0
575,0,0
576,0,0
577,0,0
578,0,0
579,0,0
580,0,0
581,0,0
582,0,0
583,0,0
584,0,0
585,0,0
586,0,0
587,0,0
588,0,0
589,0,0
590,0,0
591,0,0
592,0,0
593,0,0
594,0,0
595,0,0
596,0,0
597,0,0
598,0,0
599,0,0
600,0,0
601,0,0
602,0,0
603,0,0
604,0,0
605,0,0
606,0,0
607,0,0
608,0,0
609,0,0
610,0,0
611,0,1
612,0,1
613,0,1
614,0,1
615,0,1
616,0,1
617,0,1
618,0,1
619,0,1
620,0,1
621,0,1
622,0,1
623,0,1
624,0,1
625,0,1
626,0,1
627,0,1
628,0,1
629,0,1
630,0,1
631,0,1
632,0,1
633,0,1
634,0,1
635,0,1
636,0,1
637,0,1
638,0,1
639,0,1
640,0,1
641,0,1
642,0,1
643,0,1
644,0,1
645,0,1
646,0,1
647,0,1
648,0,1
649,0,1
650,0,1
651,0,1
652,0,1
653,0,1
654,0,1
655,0,1
656,0,1
657,0,1
658,0,1
659,0,1
660,0,1
661,0,1
662,0,1
663,0,1
664,0,1
665,0,1
666,0,1
667,0,1
668,0,1
669,0,1
670,0,1
671,0,1
672,0,1
673,0,1
674,0,1
675,0,1
676,0,1
677,0,1
678,0,1
679,0,1
680,0,1
681,0,1
682,0,1
683,0,1
684,0,1
685,0,1
686,0,1
687,0,1
688,0,1
689,0,1
690,0,1
691,0,1
692,0,1
693,0,1
694,0,1
695,0,1
696,0,1
697,0,1
698,0,1
699,0,1
700,0,1
701,0,1
702,0,1
703,0,1
704,0,1
705,0,1
706,0,1
707,0,1
708,0,1
709,0,1
710,0,1
711,0,1
712,0,1
713,0,1
714,0,1
715,0,1
716,0,1
717,0,1
718,0,1
719,0,1
720,0,1
721,0,1
722,0,1
723,0,1
724,0,1
725,0,1
726,0,1
727,0,1
728,0,1
729,0,1
730,0,1
731,0,1
732,0,1
733,0,1
734,0,1
735,0,1
736,0,1
737,0,1
738,0,1
739,0,1
740,0,1
741,0,1
742,0,1
743,0,1
744,0,1
745,0,1
746,0,1
747,0,1
748,0,1
749,0,1
750,0,1
751,0,1
752,0,1
753,0,1
754,0,1
755,0,1
756,0,1
757,0,1
758,0,1
759,0,1
760,0,1
761,0,1
762,0,1
763,0,1
764,0,1
765,0,1
766,0,1
767,0,1
768,0,1
769,0,1
770,0,1
771,0,1
772,0,1
773,0,1
774,0,1
775,0,1
776,0,1
777,0,1
778,0,1
779,0,1
780,0,1
781,0,1
782,0,1
783,0,1
784,0,1
785,0,1
786,0,1
787,0,1
788,0,1
789,0,1
790,0,1
791,0,1
792,0,1
793,0,1
794,0,1
795,0,1
796,0,1
797,0,1
798,0,1
799,0,1
800,0,1
801,0,1
802,0,1
803,0,1
804,0,1
805,0,1
806,0,1
807,0,1
808,0,1
809,0,1
810,0,1
811,0,1
812,0,1
813,0,1
814,0,1
815,0,1
816,0,1
817,0,1
818,0,1
819,0,1
820,0,1
821,0,1
822,0,1
823,0,1
824,0,1
825,0,1
826,0,1
827,0,1
828,0,1
829,0,1
830,0,1
831,0,1
832,0,1
833,0,1
834,0,1
835,0,1
836,0,1
837,0,1
838,0,1
839,0,1
840,0,1
841,0,1
842,0,1
843,0,1
844,0,1
845,0,1
846,0,1
847,0,1
848,0,1
849,0,1
850,0,1
851,0,1
852,0,1
853,0,1
854,0,1
855,0,1
856,0,1
857,0,1
858,0,1
859,0,1
860,0,1
861,0,1
862,0,1
863,0,1
864,0,1
865,0,1
866,0,1
867,0,1
868,0,1
869,0,1
870,0,1
871,0,1
872,0,1
873,0,1
874,0,1
875,0,1
876,0,1
877,0,1
878,0,1
879,0,1
880,0,1
881,0,1
882,0,1
883,0,1
884,0,1
885,0,1
886,0,1
887,0,1
888,0,1
889,0,1
890,0,1
891,0,1
892,0,1
893,0,1
894,0,1
895,0,1
896,0,1
897,0,1
898,0,1
899,0,1
900,0,1
901,0,1
902,0,1
903,0,1
904,0,1
905,0,1
906,0,1
907,0,1
908,0,1
909,0,1
910,0,1
911,0,1
912,0,1
913,0,1
914,0,1
915,0,1
916,0,1
917,0,1
918,0,1
919,0,1
920,0,1
921,0,1
922,0,1
923,0,1
924,0,1
925,0,1
926,0,1
927,0,1
928,0,1
929,0,1
930,0,1
931,0,1
932,0,1
933,0,1
934,0,1
935,0,1
936,0,1
937,0,1
938,0,1
939,0,1
940,0,1
941,0,1
942,0,1
943,0,1
944,0,1
945,0,1
946,0,1
947,0,1
948,0,1
949,0,1
950,0,1
951,0,1
952,0,1
953,0,1
954,0,1
955,0,1
956,0,1
957,0,1
958,0,1
959,0,1
960,0,1
961,0,1
962,0,1
963,0,1
964,0,1
965,0,1
966,0,1
967,0,1
968,0,1
969,0,1
970,0,1
971,0,1
972,0,1
973,0,1
974,0,1
975,0,1
976,0,1
977,0,1
978,0,1
979,0,1
980,0,1
981,0,1
982,0,1
983,0,1
984,0,1
985,0,1
986,0,1
987,0,1
988,0,1
989,0,1
990,0,1
991,0,1
992,0,1
993,0,1
994,0,1
995,0,1
996,0,1
997,0,1
998,0,1
999,0,1
1000,0,1
1001,0,1
1002,0,1
1003,0,1
1004,0,1
1005,0,1
1006,0,1
1007,0,1
1008,0,1
1009,0,1
1010,0,1
1011,0,1
1012,0,1
1013,0,1
1014,0,1
1015,0,1
1016,0,1
1017,0,1
1018,0,1
1019,0,1
1020,0,1
1021,0,1
1022,0,1
1023,0,1
1024,0,1
1025,0,1
1026,0,1
1027,0,1
1028,0,1
1029,0,1
1030,0,1
1031,0,1
1032,0,1
1033,0,1
1034,0,1
1035,0,1
1036,0,1
1037,0,1
1038,0,1
1039,0,1
1040,0,1
1041,0,1
1042,0,1
1043,0,1
1044,0,1
1045,0,1
1046,0,1
1047,0,1
1048,0,1
1049,0,1
1050,0,1
1051,0,1
1052,0,1
1053,0,1
1054,0,1
1055,0,1
1056,0,1
1057,0,1
1058,0,1
1059,0,1
1060,0,1
1061,0,1
1062,0,1
1063,0,1
1064,0,1
1065,0,1
1066,0,1
1067,0,1
1068,0,1
1069,0,1
1070,0,1
1071,0,1
1072,0,1
1073,0,1
1074,0,1
1075,0,1
1076,0,1
1077,0,1
1078,0,1
1079,0,1
1080,0,1
1081,0,1
1082,0,1
1083,0,1
1084,0,1
1085,0,1
1086,0,1
1087,0,1
1088,0,1
1089,0,1
1090,0,1
1091,0,1
1092,0,1
1093,0,1
1094,0,1
1095,0,1
1096,0,1
1097,0,1
1098,0,1
1099,0,1
1100,0,1
1101,0,1
1102,0,1
1103,0,1
1104,0,1
1105,0,1
1106,0,1
1107,0,1
1108,0,1
1109,0,1
1110,0,1
1111,0,1
1112,0,1
1113,0,1
1114,0,1
1115,0,1
1116,0,1
1117,0,1
1118,0,1
1119,0,1
1120,0,1
1121,0,1
1122,0,1
1123,0,1
1124,0,1
1125,0,1
1126,0,1
1127,0,1
1128,0,1
1129,0,1
1130,0,1
1131,0,1
1132,0,1
1133,0,1
1134,0,1
1135,0,1
1136,0,0
1137,0,0
1138,0,0
1139,0,0
1140,0,0
1141,0,0
1142,0,0
1143,0,0
1144,0,0
1145,0,0
1146,0,0
1147,0,0
1148,0,0
1149,0,0
1150,0,0
1151,0,0
1152,0,0
1153,0,0
1154,0,0
1155,0,0
1156,0,1
1157,0,1
1158,0,1
1159,0,1
1160,0,1
1161,0,1
1162,0,1
1163,0,1
1164,0,1
1165,0,1
1166,0,1
1167,0,1
1168,0,1
1169,0,1
1170,0,1
1171,0,1
1172,0,1
1173,0,1
1174,0,1
1175,0,1
1176,0,1
1177,0,0
1178,0,0
1179,0,0
1180,0,0
1181,0,0
1182,0,1
1183,0,1
1184,0,1
1185,0,1
1186,0,1
1187,0,1
1188,0,1
1189,0,1
1190,0,1
1191,0,1
1192,0,1
1193,0,1
1194,0,1
1195,0,1
1196,0,1
1197,0,1
1198,0,1
1199,0,1
1200,0,1
1201,0,1
1202,0,1
1203,0,1
1204,0,1
1205,0,1
1206,0,1
1207,0,1
1208,0,1
1209,0,1
1210,0,1
1211,0,1
1212,0,1
1213,0,1
1214,0,1
1215,0,1
1216,0,1
1217,0,1
1218,0,1
1219,0,1
1220,0,1
1221,0,1
1222,0,1
1223,0,1
1224,0,1
1225,0,1
1226,0,1
1227,0,1
1228,0,1
1229,0,0
1230,0,0
1231,0,0
1232,0,0
1233,0,0
1234,0,0
1235,0,0
1236,0,0
1237,0,0
1238,0,0
1239,0,0
1240,0,0
1241,0,0
1242,0,0
1243,0,0
1244,0,0
1245,0,1
1246,0,1
1247,0,1
1248,0,1
1249,0,1
1250,0,1
1251,0,1
1252,0,1
1253,0,1
1254,0,1
1255,0,1
1256,0,1
1257,0,1
1258,0,1
1259,0,1
1260,0,1
1261,0,1
1262,0,1
1263,0,1
1264,0,1
1265,0,1
1266,0,1
1267,0,1
1268,0,1
1269,0,1
1270,0,1
1271,0,1
1272,0,1
1273,0,1
1274,0,1
1275,0,1
1276,0,1
1277,0,1
1278,0,1
1279,0,1
1280,0,1
1281,0,1
1282,0,1
1283,0,1
1284,0,1
1285,0,1
1286,0,1
1287,0,1
1288,0,1
1289,0,1
1290,0,1
1291,0,1
1292,0,1
1293,0,1
1294,0,1
1295,0,1
1296,0,1
1297,0,1
1298,0,1
1299,0,1
1300,0,1
1301,0,1
1302,0,1
1303,0,1
1304,0,1
1305,0,1
1306,0,1
1307,0,1
1308,0,1
1309,0,1
1310,0,1
1311,0,1
1312,0,1
1313,0,1
1314,0,0
1315,0,0
1316,0,0
1317,0,0
1318,0,0
1319,0,0
1320,0,0
1321,0,0
1322,0,0
1323,0,1
1324,0,1
1325,0,1
1326,0,1
1327,0,1
1328,0,1
1329,0,1
1330,0,1
1331,0,1
1332,0,1
1333,0,0
1334,0,0
1335,0,0
