tag,tag_residue,protein,protein_residue,chain,raw_distance,added_distance,final_distance,sd_tag_population
tag_sec3,3001,SEC3,1332,A,202,14,215.95,11.051
tag_sec3,3002,SEC3,1332,A,110,14,124,10.1
tag_sec3,3003,SEC3,611,A,112,229.5,341.5,9.058
tag_sec5,3004,sec5,971,B,110,0,110,8.449
tag_sec5,3005,sec5,1,B,112,0,112,8.748
tag_sec6,3006,sec6,805,C,202,0,201.95,8.838
tag_sec6,3007,sec6,805,C,110,0,110,8.494
tag_sec6,3008,sec6,1,C,112,0,112,8.263
tag_sec8,3009,sec8,1065,D,202,0,201.95,8.156
tag_sec8,3010,sec8,1065,D,110,0,110,8.268
tag_sec10,3011,sec10,867,E,202,14,215.95,9.698
tag_sec10,3012,sec10,867,E,110,14,124,9.554
tag_sec10,3013,sec10,3,E,112,7,119,9.401
tag_sec15,3014,sec15,890,F,202,70,271.95,9.304
tag_sec15,3015,sec15,890,F,110,70,180,9.242
tag_sec15,3016,sec15,42,F,112,25,137,9.217
tag_exo70,3017,exo70,623,G,202,15,216.95,9.105
tag_exo70,3018,exo70,623,G,110,15,125,9.062
tag_exo70,3019,exo70,1,G,112,0,112,8.943
tag_exo84,3020,exo84,753,H,202,0,201.95,8.846
tag_exo84,3021,exo84,753,H,110,0,110,8.827
tag_exo84,3022,exo84,169,H,112,51,163,8.757
